Participant,Practice,Block,Trial,VV,OC
0,false,1,0,vv2,16
0,false,1,1,vv2,16
0,false,1,2,vv2,16
0,false,1,3,vv2,16
0,false,1,4,vv2,16
0,false,1,5,vv1,16
0,false,1,6,vv1,16
0,false,1,7,vv1,16
0,false,1,8,vv1,16
0,false,1,9,vv1,16
0,false,1,10,vv1vv2,16
0,false,1,11,vv1vv2,16
0,false,1,12,vv1vv2,16
0,false,1,13,vv1vv2,16
0,false,1,14,vv1vv2,16
0,false,2,0,vv1,9
0,false,2,1,vv1,9
0,false,2,2,vv1,9
0,false,2,3,vv1,9
0,false,2,4,vv1,9
0,false,2,5,vv1vv2,9
0,false,2,6,vv1vv2,9
0,false,2,7,vv1vv2,9
0,false,2,8,vv1vv2,9
0,false,2,9,vv1vv2,9
0,false,2,10,vv2,9
0,false,2,11,vv2,9
0,false,2,12,vv2,9
0,false,2,13,vv2,9
0,false,2,14,vv2,9
0,false,3,0,vv2,36
0,false,3,1,vv2,36
0,false,3,2,vv2,36
0,false,3,3,vv2,36
0,false,3,4,vv2,36
0,false,3,5,vv1vv2,36
0,false,3,6,vv1vv2,36
0,false,3,7,vv1vv2,36
0,false,3,8,vv1vv2,36
0,false,3,9,vv1vv2,36
0,false,3,10,vv1,36
0,false,3,11,vv1,36
0,false,3,12,vv1,36
0,false,3,13,vv1,36
0,false,3,14,vv1,36
1,false,1,0,vv1,36
1,false,1,1,vv1,36
1,false,1,2,vv1,36
1,false,1,3,vv1,36
1,false,1,4,vv1,36
1,false,1,5,vv1vv2,36
1,false,1,6,vv1vv2,36
1,false,1,7,vv1vv2,36
1,false,1,8,vv1vv2,36
1,false,1,9,vv1vv2,36
1,false,1,10,vv2,36
1,false,1,11,vv2,36
1,false,1,12,vv2,36
1,false,1,13,vv2,36
1,false,1,14,vv2,36
1,false,2,0,vv1,16
1,false,2,1,vv1,16
1,false,2,2,vv1,16
1,false,2,3,vv1,16
1,false,2,4,vv1,16
1,false,2,5,vv1vv2,16
1,false,2,6,vv1vv2,16
1,false,2,7,vv1vv2,16
1,false,2,8,vv1vv2,16
1,false,2,9,vv1vv2,16
1,false,2,10,vv2,16
1,false,2,11,vv2,16
1,false,2,12,vv2,16
1,false,2,13,vv2,16
1,false,2,14,vv2,16
1,false,3,0,vv1,9
1,false,3,1,vv1,9
1,false,3,2,vv1,9
1,false,3,3,vv1,9
1,false,3,4,vv1,9
1,false,3,5,vv2,9
1,false,3,6,vv2,9
1,false,3,7,vv2,9
1,false,3,8,vv2,9
1,false,3,9,vv2,9
1,false,3,10,vv1vv2,9
1,false,3,11,vv1vv2,9
1,false,3,12,vv1vv2,9
1,false,3,13,vv1vv2,9
1,false,3,14,vv1vv2,9
2,false,1,0,vv1,9
2,false,1,1,vv1,9
2,false,1,2,vv1,9
2,false,1,3,vv1,9
2,false,1,4,vv1,9
2,false,1,5,vv1vv2,9
2,false,1,6,vv1vv2,9
2,false,1,7,vv1vv2,9
2,false,1,8,vv1vv2,9
2,false,1,9,vv1vv2,9
2,false,1,10,vv2,9
2,false,1,11,vv2,9
2,false,1,12,vv2,9
2,false,1,13,vv2,9
2,false,1,14,vv2,9
2,false,2,0,vv2,36
2,false,2,1,vv2,36
2,false,2,2,vv2,36
2,false,2,3,vv2,36
2,false,2,4,vv2,36
2,false,2,5,vv1,36
2,false,2,6,vv1,36
2,false,2,7,vv1,36
2,false,2,8,vv1,36
2,false,2,9,vv1,36
2,false,2,10,vv1vv2,36
2,false,2,11,vv1vv2,36
2,false,2,12,vv1vv2,36
2,false,2,13,vv1vv2,36
2,false,2,14,vv1vv2,36
2,false,3,0,vv2,16
2,false,3,1,vv2,16
2,false,3,2,vv2,16
2,false,3,3,vv2,16
2,false,3,4,vv2,16
2,false,3,5,vv1vv2,16
2,false,3,6,vv1vv2,16
2,false,3,7,vv1vv2,16
2,false,3,8,vv1vv2,16
2,false,3,9,vv1vv2,16
2,false,3,10,vv1,16
2,false,3,11,vv1,16
2,false,3,12,vv1,16
2,false,3,13,vv1,16
2,false,3,14,vv1,16
3,false,1,0,vv2,16
3,false,1,1,vv2,16
3,false,1,2,vv2,16
3,false,1,3,vv2,16
3,false,1,4,vv2,16
3,false,1,5,vv1vv2,16
3,false,1,6,vv1vv2,16
3,false,1,7,vv1vv2,16
3,false,1,8,vv1vv2,16
3,false,1,9,vv1vv2,16
3,false,1,10,vv1,16
3,false,1,11,vv1,16
3,false,1,12,vv1,16
3,false,1,13,vv1,16
3,false,1,14,vv1,16
3,false,2,0,vv2,9
3,false,2,1,vv2,9
3,false,2,2,vv2,9
3,false,2,3,vv2,9
3,false,2,4,vv2,9
3,false,2,5,vv1,9
3,false,2,6,vv1,9
3,false,2,7,vv1,9
3,false,2,8,vv1,9
3,false,2,9,vv1,9
3,false,2,10,vv1vv2,9
3,false,2,11,vv1vv2,9
3,false,2,12,vv1vv2,9
3,false,2,13,vv1vv2,9
3,false,2,14,vv1vv2,9
3,false,3,0,vv1,36
3,false,3,1,vv1,36
3,false,3,2,vv1,36
3,false,3,3,vv1,36
3,false,3,4,vv1,36
3,false,3,5,vv1vv2,36
3,false,3,6,vv1vv2,36
3,false,3,7,vv1vv2,36
3,false,3,8,vv1vv2,36
3,false,3,9,vv1vv2,36
3,false,3,10,vv2,36
3,false,3,11,vv2,36
3,false,3,12,vv2,36
3,false,3,13,vv2,36
3,false,3,14,vv2,36
4,false,1,0,vv1,36
4,false,1,1,vv1,36
4,false,1,2,vv1,36
4,false,1,3,vv1,36
4,false,1,4,vv1,36
4,false,1,5,vv2,36
4,false,1,6,vv2,36
4,false,1,7,vv2,36
4,false,1,8,vv2,36
4,false,1,9,vv2,36
4,false,1,10,vv1vv2,36
4,false,1,11,vv1vv2,36
4,false,1,12,vv1vv2,36
4,false,1,13,vv1vv2,36
4,false,1,14,vv1vv2,36
4,false,2,0,vv1,16
4,false,2,1,vv1,16
4,false,2,2,vv1,16
4,false,2,3,vv1,16
4,false,2,4,vv1,16
4,false,2,5,vv1vv2,16
4,false,2,6,vv1vv2,16
4,false,2,7,vv1vv2,16
4,false,2,8,vv1vv2,16
4,false,2,9,vv1vv2,16
4,false,2,10,vv2,16
4,false,2,11,vv2,16
4,false,2,12,vv2,16
4,false,2,13,vv2,16
4,false,2,14,vv2,16
4,false,3,0,vv1,9
4,false,3,1,vv1,9
4,false,3,2,vv1,9
4,false,3,3,vv1,9
4,false,3,4,vv1,9
4,false,3,5,vv2,9
4,false,3,6,vv2,9
4,false,3,7,vv2,9
4,false,3,8,vv2,9
4,false,3,9,vv2,9
4,false,3,10,vv1vv2,9
4,false,3,11,vv1vv2,9
4,false,3,12,vv1vv2,9
4,false,3,13,vv1vv2,9
4,false,3,14,vv1vv2,9
5,false,1,0,vv2,9
5,false,1,1,vv2,9
5,false,1,2,vv2,9
5,false,1,3,vv2,9
5,false,1,4,vv2,9
5,false,1,5,vv1,9
5,false,1,6,vv1,9
5,false,1,7,vv1,9
5,false,1,8,vv1,9
5,false,1,9,vv1,9
5,false,1,10,vv1vv2,9
5,false,1,11,vv1vv2,9
5,false,1,12,vv1vv2,9
5,false,1,13,vv1vv2,9
5,false,1,14,vv1vv2,9
5,false,2,0,vv1vv2,36
5,false,2,1,vv1vv2,36
5,false,2,2,vv1vv2,36
5,false,2,3,vv1vv2,36
5,false,2,4,vv1vv2,36
5,false,2,5,vv2,36
5,false,2,6,vv2,36
5,false,2,7,vv2,36
5,false,2,8,vv2,36
5,false,2,9,vv2,36
5,false,2,10,vv1,36
5,false,2,11,vv1,36
5,false,2,12,vv1,36
5,false,2,13,vv1,36
5,false,2,14,vv1,36
5,false,3,0,vv1vv2,16
5,false,3,1,vv1vv2,16
5,false,3,2,vv1vv2,16
5,false,3,3,vv1vv2,16
5,false,3,4,vv1vv2,16
5,false,3,5,vv1,16
5,false,3,6,vv1,16
5,false,3,7,vv1,16
5,false,3,8,vv1,16
5,false,3,9,vv1,16
5,false,3,10,vv2,16
5,false,3,11,vv2,16
5,false,3,12,vv2,16
5,false,3,13,vv2,16
5,false,3,14,vv2,16
